{"cameraMode":{"drawMode":0,"name":"Shaded","section":"Shading Mode"},"sceneLighting":false,"audioPlay":false,"sceneViewState":{"m_AlwaysRefresh":false,"showFog":true,"showSkybox":true,"showFlares":true,"showImageEffects":true,"showParticleSystems":true,"showVisualEffectGraphs":true,"m_FxEnabled":true},"in2DMode":false,"pivot":{"x":2.2789599895477297,"y":4.101794242858887,"z":-3.254354476928711},"rotation":{"x":-0.08271096646785736,"y":-0.009868329390883446,"z":0.0008194672991521657,"w":-0.9965274930000305},"size":11.683188438415528,"orthographic":false}